genmean,gensd,mu
7.167051783527491,1.1348795374349219,487.0207390816332
7.788554599034965,2.610997562104733,458.74151133346464
7.3530129607821735,2.062333871134193,457.9233826543475
7.407787568810014,1.7871851459807093,481.82580603482137
7.43027760368783,1.6127767863231586,483.4172200656893
7.321483778340171,1.2440080560156972,483.6384501763925
7.321483778340171,1.2440080560156972,484.44981545690723
7.611161646589743,3.0238031564457173,450.9530636717772
7.420998782476794,1.4369891301758544,485.8248515628215
7.914573215124885,2.347517892314688,466.27466203324894
8.295152834994827,2.80057588937776,466.2287068870458
8.207257318310772,2.5151858231839976,469.48443830907405
7.123812532672439,1.712234966677918,477.1671866008963
7.539817303461547,1.4885281094881169,487.111745160361
7.476956036113081,1.4069007116470111,485.73077019332436
7.585292083645484,1.2413558339778799,496.01909643506616
7.517591630827261,1.8764435023310784,484.3923312692352
7.43429765394347,1.6830929292710501,484.10318239649183
7.018743692924365,1.4594553077627042,476.77259256350777
7.620265550734038,1.3333012329153244,489.13950966032013
7.811202283473451,1.9128083792630932,488.7880911326719
7.358057365441313,1.6358524631341316,482.8084365144884
7.2864441425432505,1.5348568979951622,481.6985627549209
7.68718022332068,1.3165378107060692,491.06043745709707
7.538564512065098,1.409313176059107,487.451947716472
7.538564512065098,1.409313176059107,487.63015289450004
7.312400041507806,1.313226915146037,483.5839964730917
7.619732645385154,1.4420165752533332,488.19234230253124
6.84191717469046,1.592984414947782,473.4641245811535
7.424701615827771,1.568671652999486,483.9566232385523
7.556111317615183,1.5665808714333191,488.24709211645876
7.313685007411755,1.116399922932813,497.9491668316095
7.050842638525363,1.674982458627137,475.4240248617597
7.077541487076466,1.1005700598829062,485.7411853221421
7.5472339710599625,1.1886573282813455,500.70507925490955
7.5472339710599625,1.1886573282813455,501.5974113332901
7.594565435707805,1.6400891138677818,486.27773389153117
7.21295676285948,1.4012431020493605,480.9389544022239
6.971044978242839,1.1435207088108033,477.53453400665427
7.188492696613344,1.7066380596519557,476.83273848524834
8.147388715247404,2.0128694709305988,494.60603711539903
8.053852941572805,2.2930525208897987,468.99262100097826
7.162358617563801,1.439216002704163,479.4889543981877
7.531984464283721,1.1830019235812415,500.5920254368555
9.091518547098325,3.682764161660157,469.38600100250306
7.781403022257202,1.0756627651796034,520.9565553203632
7.398615602100979,1.3764041221002439,484.66797584133076
6.686277052355064,2.042243870082464,443.25831005234073
7.37718754668447,1.3040010968626288,485.992904156233
7.353150943527045,1.4229433468264254,484.9655315516556
7.402666809930106,1.237085722007763,486.72887166187746
7.315208915959639,1.5557471284035742,482.4887992023134
7.346165494086585,1.2516838314380698,484.9743937851076
7.53193260941408,1.1485426561030212,501.494245726816
7.64148125724364,2.589528575995036,456.97413762440164
7.614199986891685,1.401690616114529,490.33208267969746
7.334931905862669,1.2966340400884697,483.53475785117945
7.230220525999103,1.126532288768911,490.1135042928302
7.469103888475506,1.6086372216297615,484.40364546972546
7.217492395182956,1.4590634536024563,480.1829494190857
7.39598624892078,1.6009991279148665,482.801118797115
7.553412891023629,1.2463677064084315,495.7037613505485
7.346871983833923,1.474975576953258,482.5803977773766
9.656875425978402,4.3349157924289425,471.38759003974303
10.105624895112959,3.3777686733477688,490.70940572260923
6.2532670103426495,1.345522757709636,462.0850327993264
7.508354344377351,2.524297190047924,453.99365714369975
7.092973451661329,0.9665761893825003,493.64813698124874
6.69733742159,2.36427516855498,439.1505382654803
7.580369148224254,2.204797400333789,461.2130063691843
8.242067401415596,3.0218078251924134,463.7258236213733
9.002179349935734,2.4515107115519688,505.70647963381964
8.266452102963594,3.2760461547085886,459.48578409292077
9.384641065231582,3.7009879185633094,475.501605433567
10.250323620295386,4.934303034628903,473.51427848800415
8.709257498854193,2.6631650838588277,474.9443789689044
7.785735867262592,2.532644735332571,460.375049681365
9.422083057601006,3.022260790664229,484.39743476796747
8.51897669571111,2.9934709332081817,467.15605959670205
9.495906318695145,3.3911358554880016,480.8845361468932
10.339294485885992,4.185025235273578,484.49846695664905
10.419751598737264,3.680768302311005,492.05944104833685
8.84854952668111,2.8299890578889313,476.8026673453878
6.717861777097929,1.576747868912316,469.1930375126528
7.467897597811715,1.3210147651348405,487.88572171913904
6.9340857138460095,1.1532850467174802,475.68183604019816
7.794133405049602,1.5444306174925306,491.7470251692056
6.934059024562806,1.459849360224642,474.80221191005063
6.952375829867203,1.3241486449073996,477.4370956386608
7.268099597153221,1.2172260706602303,484.36534685512623
7.01991677618315,1.0528625357343941,485.78612660939325
7.351829045194918,1.1270750079558258,498.36776663645554
7.351829045194918,1.1270750079558258,497.47264293214766
7.351829045194918,1.1270750079558258,498.59126055649836
7.351829045194918,1.1270750079558258,497.56793279536987
7.825364562811834,1.3697406681787598,493.37331898352295
7.501044151617978,1.6838842143558295,484.589887420635
7.4396158214349395,1.3644744519160426,485.19773166400074
7.468921531875866,1.4088567764405688,485.63715049751727
7.574924030118973,1.6585645030231249,486.0803239473229
7.6743410021215155,1.2857172768219,497.1580797341242
6.87358504132884,1.6142772886983991,471.9256025163718
7.601322079526034,1.864583229840579,485.16577348110815
7.281406699757277,1.5609484691710394,482.61309219483104
7.399498619138124,2.007491681977037,460.53439194673325
7.532843254603018,1.6508834648085706,485.19611358635836
7.361391537236763,1.2388927538762164,486.98546790215
6.887217294680986,1.2859919413394305,474.96509343937544
7.876841599467904,1.5079581734413583,492.4157121884379
7.1381579318928035,1.9682644572805497,455.5330214755656
7.643911351477697,1.7515041820212698,487.0195335068568
8.023043734660211,3.086979690752601,458.4546690773793
7.179379556421378,1.8901675956683757,457.62429359452693
6.791859343891285,1.159656402344332,473.1414146467939
7.041362872466546,1.5579340261162247,475.45099818732217
7.551876678168491,1.3936993648634528,487.8768668878726
7.499079850285412,2.3263136885250364,457.43921221222485
7.6825802658445665,1.7524492515850536,488.34379767530623
7.160811426919197,1.6361397947455703,478.7756913216036
7.324680381632094,1.5354208453974394,482.3699570352999
7.64631790818018,1.4960854187521464,490.112074881683
7.089279076505747,1.7889397702736782,476.37275633917824
7.089279076505747,1.7889397702736782,475.8293364374964
7.392459755558591,1.3062996354856888,485.59923674874864
7.3396203603787695,1.8706022968482965,480.9822250885374
7.296001452897943,1.1880628907767825,488.78433356958976
7.611141293702242,1.5063952251354602,488.6992623643513
7.166056592355152,1.6338307702916874,479.3395832647481
7.1416472949371395,1.212210370151432,481.0713876234047
7.468487588625432,1.5837372744609748,483.7124357837104
7.340322050177946,1.5953825957436725,483.2238399388346
7.241069115179384,1.1724433385521889,487.7741807537355
7.241069115179384,1.1724433385521889,488.6486994776358
7.221265226452984,1.3859440277984778,481.6927968156979
7.1377486079891295,1.408800064045119,480.5933400867185
7.142902772796991,1.4520732941716472,480.0471845020191
7.194838697746102,1.6413793466596716,478.7114276966295
7.970124149510916,1.7233659575207962,492.88610752686895
6.944804508713923,1.4656274779746212,474.42480625312936
7.582726244932428,1.537947141393605,487.9934039797122
7.255111557014078,1.973766432771405,457.66890292118256
7.53861842272769,1.5641329865375166,485.2006605199482
7.049068836777293,1.092136369204085,485.5534247764855
7.269711549008849,1.164938309536605,489.8803220849586
7.269711549008849,1.164938309536605,490.0945184965554
8.081604841984804,2.1360882726733466,491.8381864701079
7.268888954992603,1.3677121825236418,481.1324512589348
7.268302470522451,1.6216569787366015,481.0579135825402
7.716382600942382,1.8835870418581702,487.003313428768
7.867891810588701,3.318458059402895,451.714136400418
7.009131122266871,1.8054195050382567,453.52157340485525
8.101623025336789,1.8471047452315867,494.9468786949213
6.764189418292143,1.5796644325990574,472.1042965636406
7.61034331972687,1.4907853781612326,488.2419740946089
7.595623079009343,1.871788427174825,484.40757904611166
7.204799407277434,1.439540990676521,480.3738909763259
7.3873756416647876,1.8574014990913252,481.4987810761028
6.933504079111148,1.101567056947661,478.06328333195523
7.885302740185489,1.6149310005259816,491.9873159618083
8.796261171715601,2.6699258976774507,476.6631183646126
6.631788344603821,1.35233083057765,468.45031512268906
7.087491438755224,1.2898681860247607,479.23508918851803
6.7599356111350515,1.213671358859269,471.967493519666
7.2939859786473695,1.36626597678676,482.63006556663765
7.529731181816272,1.9905001993026359,463.0286085858151
7.347781057158449,1.1059744859252476,499.380822612908
7.517389802667397,2.7806518061444097,452.1895541365702
7.17518495363029,1.4007153612366705,479.9171069885189
7.515499454017494,1.3650527442501,486.8000380066547
6.870074894711648,1.5217583150239686,472.77114021895227
7.272319232145707,1.1854336285690983,485.25216966179624
7.272319232145707,1.1854336285690983,483.6804031356831
7.291232972511095,1.0731357765215748,497.9320974377319
7.291232972511095,1.0731357765215748,496.334845068167
7.547767391456276,1.777581976234692,484.147007632754
7.191172039788536,1.555780767054745,479.5514847071662
7.613352825966525,1.3136688544609163,489.2416882590879
7.567154758362773,1.5142403654899648,487.12452553890523
7.11734892309932,1.220787864499768,481.6724359727928
7.9217922656215105,2.150609912159417,469.6884451324883
7.896099328581038,1.4226736761496686,493.7152459200899
7.040015816572917,1.224351091499791,478.66810358154646
7.679636941348403,2.1851741779197025,463.32666294984205
7.631345881816687,1.3871329010200486,490.39142543612667
7.631345881816687,1.3871329010200486,489.8873084463259
7.478323969199134,1.6124052499192547,485.97096296197606
7.6498059426362115,1.3256668412647397,491.23113491270016
7.692659233815001,1.2398011684475772,496.3801438984298
7.498718844235319,1.4322426732252327,486.15052476098
7.703521362424074,1.7649902644420876,487.5287030105125
7.627935989840012,1.7171145555603773,487.08776736526346
7.912958995384834,2.204891399849398,468.17067675032615
8.356513508291865,2.4042185005931036,473.22215901898875
8.736666439816,2.227514162519109,504.1640990386688
7.190189448318231,2.2774777945465465,450.4474231071873
7.40524645579212,1.3171512586901275,486.63478357691815
7.165652208033507,1.4815237833425094,478.846951688427
8.391896723934686,2.6330929189865144,471.24106899763774
7.034566884476284,1.1288498661934323,478.85189925873806
7.226695938093045,1.7440880473068734,479.30293022045714
7.6986633035224505,1.654160036565283,488.5738776423061
7.027902391936238,1.3276223667020612,476.0566402671881
7.042675473306715,1.2788543954026295,477.9080919445879
7.011960647553723,1.414560419844242,475.9224744826752
7.68907559472769,1.3286471395026507,491.86096696828906
7.321780551343847,1.4085875267289367,483.2904461666841
8.823470415008831,2.5337599290776684,481.8233174623365
7.864934941291011,2.5849669153263264,462.1113119615479
7.416991178478257,2.1450959346710525,457.5161435248752
10.706764131880808,4.352120482435461,488.31339637046295
7.650198516595746,1.6561868781684126,487.59286533937035
9.260033418180436,2.7035725042879526,486.7458647959728
8.86558372489531,3.828879741155698,462.966364197284
9.215913763757259,2.990609296516894,482.36434617051856
9.981657238877455,4.383033383758211,475.9563997640242
7.249138058786079,1.5407301504114617,480.940354248307
7.448026257741719,1.1627358256243532,499.1883054689148
7.246198672905408,1.4637390782237365,481.4437977022239
7.490038277406401,1.769872790628095,484.40108501648825
7.0069563628008975,1.1611801291729944,478.0054689211576
7.524465307568432,1.8404795926109954,483.9345815086729
7.428076218098424,1.2637660408435425,485.90778442358044
7.428076218098424,1.2637660408435425,488.2077268722175
7.68753926416717,1.5429485086716614,489.248742518835
7.565119698144713,1.2114251488999859,495.8283496165229
8.148120369810684,2.2582581190184485,471.3578412448484
7.480448306536249,1.7812379265410752,482.35577926545415
7.0803387285978685,1.2555630686178196,479.7896417690569
7.656698710991657,1.6122873234634156,488.43008063046653
8.160094275199786,2.2006618578232318,472.6038860304642
8.603509295937135,2.1114556929779127,501.23893217461193
6.94064024024432,1.2015029877996837,476.5620457755406
8.00367914619863,1.6893674491966313,493.2284071858079
7.772335475408144,1.4905614037582133,492.1463214052188
7.618273870297224,1.6569294406671269,487.10759380657885
6.741945662873907,1.6275363002723908,470.54344261715437
7.4891702703372385,1.361756879834876,487.49811550046
7.592025780010121,1.0028352976381647,516.538086103812
7.724979692579874,2.2480570870489327,462.62794546241025
6.626481313819581,1.5389337310869724,468.3559073759587
8.316222402059543,1.5144114070759667,502.2440894089013
6.410381320388192,1.1450911239755681,465.8709816900641
7.828861148872676,2.345783448018772,464.31175338613684
8.08193802829967,2.0847791773421953,492.72163650499857
8.204266228267784,2.2546327376130755,471.9893867057102
7.2770457773494375,1.5850316772945627,481.587561033255
7.838073668779921,1.609003765251251,490.3776884132109
7.389777265864038,1.8567333202194196,482.3198476563238
7.363119510671433,2.0402569364280727,458.28498862417973
7.118973096777762,1.2552317232345769,478.9582329612472
7.511650137862874,1.520084205076273,486.2907662263667
7.343828005392069,1.622335831741621,482.5185407022022
7.0827209937018845,1.3808135138691082,478.16470807209186
6.941448752198208,1.3433953276607562,475.74067313301987
6.942685792569979,1.0806751455517605,483.84378838294833
8.168371780518669,2.000866614019404,494.3434990467568
6.859757153060483,1.6154061555103039,472.54891655971824
6.957787926731577,1.6726125527864788,474.33222594851026
9.569615030801353,4.4722482792109,468.86163970558016
8.771624412204936,3.2927993672424103,471.28156799660206
9.8370549481704,3.5048896011587503,485.5156493401412
8.251947242157335,2.7866552168027883,466.1614044391629
9.013796824622789,3.044460301807851,476.46682846067336
8.67539041521438,3.270214710417471,468.39240377734484
9.124077545881748,2.8818510333433407,482.3693571087662
9.06106891991072,3.709565691378841,468.01507676986427
8.430919546037487,2.7125792359634624,470.4781828300169
12.085970594714277,6.155702691489371,485.9398350205228
8.208038541909717,2.8219236146284605,464.8129275778244
9.01714695462598,4.312106499267479,460.9724370859617
9.989282045637426,3.2648463219254955,489.43653086253096
9.532977190502839,4.46430907039126,466.89855387723895
10.351116351228882,3.2531816230496404,497.3154739623384
10.371188861696881,6.146287434832851,460.2978932453601
7.177034024536314,1.5905000116729375,478.6180038654155
7.815053361760832,1.8207707028112385,488.8668092020275
7.524121041749367,1.7015566565104019,485.3172690751431
7.676543313538896,1.8033615090458615,486.76757158845606
7.040827426541336,1.3345932035393997,478.5899795661354
8.498646417220407,2.801176659041933,470.42799452223176
7.898456859909866,2.6222418625712054,461.78755403517266
8.585195967594728,2.3612774354523696,497.28256121801184
7.640391759529237,1.3317270817478029,489.0695808688496
7.345999610284504,2.0716711096843707,456.9933765838022
7.857881293426728,1.5741105962655648,492.23879121383396
7.657528815720224,1.409789025479433,489.93657390613055
7.518812519393838,1.3845798666632427,487.1743294955272
7.420612499226609,2.4460251562986346,453.37441272783707
7.153421002614566,0.9293555866128578,510.2009785812773
7.44183963536116,1.325671163875913,486.1568083780088
7.563084676061229,1.2829499138034623,489.78448263559045
7.3579666437555735,1.4734567940408279,482.9627716845952
7.19164825707091,1.3117936422085361,480.2961585004731
7.130118440622339,1.501533165857844,478.6297206155269
7.608740402397748,1.1864163551469722,502.8820465905639
7.0069019162133515,1.8273616831961588,452.92439513880936
7.9815924520247234,1.9637185377348996,492.6278145094638
7.1435910032276455,1.1257444337531064,486.09091514166437
7.105000229021195,1.4193119653352384,478.17112356281433
9.204682916950777,5.34727717293549,451.16867194281156
9.678738891176357,3.9111308863616756,476.2116841764857
7.5864087739822805,2.0057933667460754,464.0358707923816
8.001432569479443,2.001952632104591,491.97036904039817
7.028755821685763,1.169248829926159,477.8335601221617
6.970599270467396,2.308652427621005,446.16749727639075
8.029352029163368,1.9501163772572718,493.17509240039175
7.901284832662829,2.322347723076908,466.15685615319853
7.1900805666064915,0.9455207288579813,512.9617004359089
7.40297374749075,1.5357158145911571,483.93147076587064
6.734774880026383,1.3205849534690361,471.5563098811692
7.4917769439909305,1.688522350225099,483.96204209171555
7.327625120993887,1.498326655140691,483.1098063903681
7.543111593206199,1.4801475073748964,487.54290978646384
6.761004229736977,1.2398389945331645,472.3514118032418
7.719461948749261,2.483967186106566,460.07292612033564
6.845924582872497,1.362485655504639,472.64218342993973
6.927395657043387,1.8838654083183748,451.6988672716447
6.880414496231803,2.177096496910875,445.81027382727245
7.446836602909781,2.3666022344619946,455.6340312650345
7.545409644201667,2.461159304265174,456.02001311849483
8.128670057238585,2.3336755204535464,470.2037241542193
8.424659255574008,2.629360287549481,470.9900405758324
7.303704737564611,1.542951667718354,481.7261855507114
7.518430607751749,1.2639357467103252,488.23094262807336
7.224857092126499,1.0671150533282987,496.89442139297483
7.501300099674005,1.523773310070074,486.3243046013464
7.127399931772575,1.1966618640175757,481.8506438031874
7.348876831880232,1.505671801878879,482.7848317569447
7.371152192089594,1.3926660550247953,485.1112400652277
7.570565803903691,1.5159802850264263,486.6199408315533
7.073481252401753,1.4775485559125308,478.9398366661135
7.621807147434555,1.3838622459108643,489.9358219144545
7.721317474758678,2.201653560380152,464.16722165628664
8.367167787684298,1.9442987047913616,498.8524683931515
6.899244380355425,2.08318222945389,448.5629958192717
8.270237106244736,2.2920715553304425,474.3346564298445
7.4447546254396455,1.7528070354871708,482.28609820910384
7.931776466201241,2.1801567208277537,468.76586396628085
8.523903135890185,1.7774378757414733,503.22871077273373
6.661928749773243,1.6515332727149301,448.1628342017389
7.537964284430096,1.645965473787646,484.95157285338814
7.63166868722058,1.4851840815391006,488.5155572224359
7.605289297941515,1.3436994914252585,489.55283271434786
7.5890602244423615,1.8447767394918893,485.34313906649345
7.687793722753189,1.5302485747791366,488.80333299092194
7.5383507025965,1.5146465331127776,486.9359203163975
7.2067209898585585,1.4592884832812338,481.62923840474366
7.183358056602947,1.2584504259164497,481.4826892898385
7.183358056602947,1.2584504259164497,480.98561045143504
7.249678474993577,1.4722375451880236,482.3861828370869
7.726015298163025,1.2926752596572946,498.8533200780844
7.305604618266535,1.5367861864245758,481.58655206266496
7.264048231803703,1.2496450631006808,484.62730411531413
7.604211189826835,1.5058284079831865,489.3170845777636
7.068671045364987,1.1317397453972078,480.05650388385726
7.201121842029427,1.5065614465198662,480.41050446915955
7.066687674099748,1.3950637363703517,477.08304242863255
7.182236408900269,1.3287374385574038,480.7945632891567
7.080500337929026,1.4163373626044304,478.1927205044326
6.754262276688062,1.3024793304811813,470.98359229513375
7.474837549455118,1.7122426708600578,484.09299511399854
7.893818189471061,2.1429139690691836,467.1995894056817
7.840282789738825,2.060009677165711,488.5446800030022
7.412544531538613,1.8157616305093207,482.9845439840567
7.486521429841955,1.3595175407141145,486.53663986370304
7.482455916231958,1.4673773436714,487.0494482094258
7.415315958088817,1.2615854801066575,485.7997060611323
7.385335079548166,1.4099928865863112,484.7428816993139
7.416817968195633,1.5489783334774483,484.38967486798583
7.44138133224272,1.5022990626673136,483.5569634686191
7.309290951215695,1.1640885179988278,490.2035254738441
7.199030160754717,1.3162214265968324,482.21702670631595
7.238856067309636,1.4516033601809768,480.0670004822619
7.5027264546852495,1.4684012747899733,485.391494772064
7.139282337195675,1.3342797815751928,478.964451556505
6.531116734093087,1.7996579760569655,442.5589414315083
8.345682046373451,2.331876292973976,473.1188125957891
7.524173014396825,1.1853030675709575,499.56758205113977
7.246092214198603,1.6063093124435415,481.93495085217444
7.484670208966543,1.3588715585166433,486.5945156457482
7.379093112552019,1.4134229059613976,483.0288018466756
7.461606698240494,1.1322755549321446,500.01543734213686
7.72494518681077,1.9824029435255999,486.4021829349206
7.529145515166905,1.1317953499166238,500.0915789479709
7.529145515166905,1.1317953499166238,501.1391653059729
7.529145515166905,1.1317953499166238,501.0985984654618
8.37077560979965,3.7726126572092773,454.50901593390716
7.116864522783052,1.32409559729764,480.11962817729335
7.471587737623261,1.6729926333233212,484.02851132882626
7.469219402784822,1.7464088383122167,483.8256675505643
7.0752493727417,1.2944311591611173,478.96899028196754
7.10755150646421,1.5042701923665616,478.63329849521955
7.416930740706134,1.4954124332025345,484.26691880429826
7.248200211545443,1.1797728831182421,483.30567215381996
7.517097251134007,1.622978998537004,485.30243807313065
7.601256921738291,1.330976997817531,489.65514328711583
7.671465410508472,1.5615103412476201,489.2783757535028
7.578000667296949,1.598010583924568,487.2392879838549
7.749836288099689,1.4242834701838878,491.0243630862131
7.539494201449306,1.292616565450844,489.0851358248752
7.192584342300045,1.2728705618639604,481.4821248294659
7.141180547147148,1.379692088106321,479.87799941998435
7.6551303939849635,1.4474798858853324,489.49901385163145
7.680365799755978,1.5206752605953706,491.5147948374077
7.669235342467068,1.164804416120553,503.1302262554376
7.249734174627162,2.9398269607610223,442.86495032394555
7.439021931804513,1.012765108665407,514.2093711080065
7.505182611158101,1.6236668524305389,485.03224696165387
7.290177692399165,1.251060007432388,482.8244688849359
7.235836961070045,1.3133583598570902,482.23586140760733
7.3379592976249,1.332384630357004,483.7274417279507
7.3492586481189806,1.3363991698252995,483.7346442880424
7.161529250582424,1.706689952061705,477.16787026344485
7.6646016163551325,2.322003253359474,461.0776954128526
7.2786564658221815,1.5203885779568196,481.73009293442567
7.469552559050974,1.3184525315995221,485.92742498997205
7.522283678261438,1.3049317294867868,488.25545784668014
7.564289234100559,1.6053820831189187,485.6019587205546
7.3408587821422975,1.1605415839253002,490.8771182200979
9.547069468459572,3.7715306311930084,476.0862930260436
8.861744597926696,3.3002617692666214,470.4637710650205
9.321076046406164,3.6798389573748183,475.06253298215955
8.530362617545642,2.6468068825469167,472.4911519466606
7.859448170707809,2.1432702441400586,467.55874028450705
7.125992964413176,1.3468503544581107,479.3699227381612
6.913719975880106,1.3115634753584497,474.50186082923295
8.123967488880172,1.6663124539776977,496.647139769152
6.823474979349748,1.8294164376552102,449.64007584979356
6.88490069565281,1.9254338478769153,449.48024068553076
7.79820652956078,1.3689187627244004,492.2121992719123
7.560387244651012,1.7865725546302769,484.35722122863706
6.519019851629318,1.5504273266811788,466.2089229177961
8.470817653552048,2.0196090043009884,499.38974351789983
7.1514819832857714,1.9123756188714025,455.5029525706288
7.457073363253287,1.1610561869743188,499.8723318902706
7.274984592090724,1.6860203642589542,479.5175938024077
8.15967099305328,2.381889673373336,470.84596057707773
8.846419347751269,2.4134877286155265,502.98548167360275
6.970541986870397,2.132667732211534,447.0458182155451
7.79312144055272,1.5650892285771134,492.0186820235493
7.37369283928774,1.353178421441333,484.9068512592387
8.143771592454284,2.9986604892735476,462.5955484820194
7.834194359211176,2.2325998882689304,465.23098056810124
8.677056831094488,2.291317310764872,502.3307568817994
7.180501596844836,1.5499978068359606,479.6954726338983
7.131251557743737,1.203878280116567,480.6061312087889
7.4158688316841435,1.2703670922109644,486.08207802463653
7.300215533996352,1.1411976994847899,490.0709312536551
7.176681444146119,1.655238959084625,478.36990307705213
7.809921387640988,1.3053635857705348,498.9397147983243
7.506381951945821,1.060636865893037,515.2606996152562
7.046316195830463,1.3081094275160277,477.3358028545298
7.196435718454079,1.2259500176131335,482.1997411386912
7.798811178460218,1.6144042885853682,490.21299105946616
7.447882425640576,1.4044182508732272,486.0847267930804
7.21994651022119,1.2791476282257623,481.44615222408123
8.206798214186957,2.090348192878323,494.5972887705074
8.608589753900986,3.615054009237794,461.463332806787
7.331114313349311,1.0585587295045085,498.8701000022782
7.406818884194952,1.9474719152988609,460.7899918234095
7.5085866375801205,1.472025913655281,486.6472635850809
7.283116573535899,1.304039094310065,483.2819364086936
7.629368349855868,1.766778269894649,486.1954851118831
7.335061428820498,1.3258520526966013,484.146340226946
7.369381089882921,1.4282802597930153,484.4720468529976
7.887769695256343,2.3054224605182463,465.80395130965366
7.617212653806075,1.3205411354323024,489.2992082006037
7.168223514889113,1.4034635576997736,479.10079312267123
7.491492969217871,1.5193760337464348,484.0862830501604
7.481036068536594,1.5099765136431331,485.82961311766735
8.055192248657582,2.605156848998582,465.2200775464893
7.07855044173928,1.6704351945320466,477.5771882591152
7.477844215722362,1.5463426729085474,484.99417208652306
7.173905279232144,1.4850231117990993,478.49688028620875
7.398345529685662,1.4243191575469807,484.88912798122925
7.396199072528397,1.3718208597147972,485.33745881770045
7.533797540670975,1.403283905799833,486.83880380530826
8.539587429094635,3.3749697013817004,464.1401934493291
6.981624483945635,1.8359265670632001,454.0885478363128
7.117784238628028,1.1550287630830354,480.97200202116295
7.391390089755744,1.558388190567874,482.96167272094965
7.206543184972193,1.4371891614550927,480.66862350244554
7.495552726918584,1.2313706468057164,493.89362537454303
7.495552726918584,1.2313706468057164,494.9605302392479
7.024234579311754,1.1095213735967207,484.09547021243304
7.024234579311754,1.1095213735967207,484.61646512035617
7.048721882036671,1.404848529199354,477.42587455326014
7.719930332771314,1.581082494002675,490.2597758008569
8.165048980118357,1.6355533950370817,498.422490257188
6.717010932780398,1.4578271472210602,471.9634046576968
7.719803884057311,1.9827179601656237,486.6222368823614
6.967693382215863,1.2053800122464662,477.0255606861248
8.64117358315186,3.613131471417635,460.80709209802734
7.359456148546672,1.3445052139998872,484.77007839463005
8.90736652440765,4.9051604750551,448.79655431533814
8.267466173758333,6.191770041973944,424.3120186533321
6.990422471735144,3.845161472006869,425.56607036980336
7.252058764457018,2.5395758040344587,449.02855334066385
7.861530698293341,2.5847756627704457,461.11823946004586
7.629489279311957,1.755195155856508,486.75842846053854
7.658846699541984,1.5617728237927773,488.11798742230627
7.49428360649633,1.7890192309214936,483.88143198413997
7.2014404442013875,1.1464911112922758,488.7265788869916
7.581696667129733,1.2782714830600503,488.6501755437875
7.638921803066663,1.6471741884868771,487.23687689754576
7.683546833861949,1.2462066573908597,496.9800474843235
7.683546833861949,1.2462066573908597,497.08594165790635
7.195251772093061,1.32633235891408,480.79155453912176
6.916992696004263,1.325211876680544,475.89440458594197
6.626878634635167,1.231146760889106,468.46687488393314
7.875654402967295,1.8372821293247135,490.1382471086835
7.582668308391132,1.3749105115263653,488.9254277008803
7.278393607577651,1.4312830582835794,482.3869117276151
7.517726000331967,1.4999619960562391,486.9047042791548
7.1991405493429195,1.2035626780650606,482.11581477801457
7.068250331526274,1.4605207865465057,477.29284587462405
7.483629407132772,1.4266688015207525,486.83116208352203
7.291940045717718,1.4457985031476361,482.4376543790698
7.610506648717658,1.6194759591336638,487.33685555643603
7.058818675761535,1.496936589399991,478.2730251949377
7.833056913923135,1.5682505512591607,493.12955676245065
8.728216230453455,2.38843398631952,500.6021699660287
9.09459764651754,5.3888253233685885,449.0170555246928
8.538551118877267,2.1701087140544413,499.5460696323766
8.999455147715244,3.368158995320475,471.3386254443748
9.660173243261152,3.139890102296661,486.66111464357067
7.317782040777138,2.1765568880731596,455.2568089147862
7.454490505966,1.0304209153370736,516.0511983774903
7.447279048815546,1.8498869206952457,483.7682462869288
7.641185915526298,1.5748686160793528,488.588166010429
8.203098994317672,1.8758959807554294,495.76182527203474
7.4532242349928115,1.6828593418332218,484.3233822386344
7.788619884364029,1.842109269791034,488.39347962587965
7.327975551783227,2.149292899958025,455.6213006832205
7.592404842907115,1.3594448502147383,488.15717361410765
7.326189769343439,1.3761206512566606,484.29691773372684
7.529390029514931,1.463503006681792,486.36501178061263
7.563199190629111,1.3634491262397204,488.6813425995777
7.350217025255224,2.283277472844985,455.6064074777606
7.48396955537154,1.3999462715943607,488.4391470192779
7.506905605793555,1.2088328399801196,494.6615516596162
7.60640416526632,1.7874136736848194,485.9807807888189
6.8987502760847494,1.766754153719672,451.69331639885405
7.1539864669229205,2.3203949788978107,450.0979387016368
8.06372851669705,1.6520883192715918,496.24882428020334
8.562670884212688,1.967937323558173,502.1724301722148
7.230450444198487,1.7505087705390463,478.74915574684235
7.050553692156119,1.483363817349294,477.40888730118627
8.03363593379292,2.3698898857170123,466.8350091989068
7.8507614748168395,2.7968605544289082,458.87241380101597
7.3681771025566105,1.3793247039726484,484.4851764794171
7.134211791362771,1.5287270604315324,478.5596102420086
7.561833945457736,1.358311495345878,489.2510527051004
7.211953818471993,1.4407837668372374,481.14842118094174
7.532000048458735,1.5047766033768677,485.8242182655228
7.347718783044544,0.9698295693311784,512.944639778752
6.944485002620648,0.9716684585173075,490.8563063769098
7.110464948627369,1.4524879492856655,478.4497108440374
7.000637810128128,1.22711465463022,478.2410936886262
7.3014340583782955,2.7030455420830135,448.9249126744995
7.604120041524037,1.4984901561122068,488.4275901602185
7.688197100276656,1.921476912676353,487.0932480187633
7.583247017788149,1.1119989091719507,502.5521087220552
7.14371252467578,1.660607388373188,477.1271645345166
7.718553848970935,1.6691591357025826,488.3093948191476
7.245720959552754,1.3922236317746814,482.96419177165365
7.245720959552754,1.3922236317746814,481.8503103835481
7.070940694893756,1.39855925563528,477.638189013939
7.732961759962636,1.499181394050496,491.23745788252324
6.952685069515751,1.0998145108677126,477.80497961311653
7.4354923638983745,1.499537084936755,484.6000880503446
7.116148977173656,1.3502450283521548,478.99249532412824
7.900589507147267,2.512179133954408,462.17315516515237
7.3044412803053955,2.3778361705871514,452.0616080436705
7.245951354106759,2.415477053831133,450.0126494920747
8.878212985354601,2.3528845420163593,503.30242829029874
7.549872100710094,2.3783489371839495,457.59618245625296
9.757498779565823,3.6262647279199856,482.0085812204949
8.324750119254286,2.94144964321462,465.3260419362981
8.129356624454838,3.022749661296842,459.9621974012624
8.144134868894287,2.9072125209719624,461.6958926468545
7.071223401357526,1.3409526759993553,479.5206046985725
7.324753073342713,1.5341626859711657,482.82327743834355
7.541707117695027,1.4525491613885746,487.58396018788403
7.72598384544189,2.0608314331061273,465.5305016457887
6.933411603434604,1.0794677032254252,484.14497838974125
8.028260286711706,2.132305363093701,492.51929426818094
7.275012886031337,1.17707723367104,489.6575931352942
8.41136557035777,2.407137997018782,473.9431906604576
7.061154484087153,1.6358214090358147,476.4756868457124
7.641010213068033,1.5352643316191403,488.12926190676825
7.26596246101291,1.459561998223681,481.1017468643066
6.879240965844318,1.1927054122898066,475.19264523358083
7.19772909635419,2.1041998937336226,454.0494873655949
7.028215761299047,1.8221788570310609,454.9252371447186
10.539975181478392,5.148913390464476,473.5906637727049
8.750168809102092,3.184938199943218,469.5600693265204
8.421854216357287,2.7429100661401478,469.6313317587704
8.733178303265534,3.0719475361180573,472.14555024291866
9.713398381722687,3.404529894687235,483.1838022578711
11.923111562953666,6.251472257138949,481.3813724266047
8.200867772311534,2.569742316865874,468.29161326600916
9.334204472116946,3.231190455595422,480.8892427749475
7.662790815606534,2.0620844034496493,464.147968885628
7.258142513915617,1.2465206613954234,482.02552032465474
7.230011202321914,1.3405747351551756,481.2459243227175
6.957122259498634,1.421133940568739,476.1550615588504
7.935185730174216,1.5045496411463175,494.17610982846656
7.177386471223246,1.261838239927113,480.64865611133155
7.554267517759264,1.6812500504949124,485.2153651536213
7.154854847299592,1.2893518310366734,480.7084288813019
7.470317439834997,1.9907907631974193,461.22392761015544
7.353585495417225,1.1072421460689643,499.2574379927917
8.052109482444704,1.2895646077696807,509.42828055725295
7.245517192238625,3.1876708760367785,438.501501310819
7.525501246398849,1.24221204883491,494.90632395864384
7.525501246398849,1.24221204883491,495.33594234449583
7.525501246398849,1.24221204883491,492.7626540862307
7.426262729391806,1.6953793964796666,482.3285691329565
7.392234838496251,1.4152180063179445,486.0017759211486
7.433802336659299,1.3869680372360544,485.63084874384
7.697069254226678,1.4747079782332013,490.0555692419478
7.1165676457874625,1.35737254188699,478.8296843472437
7.72321947103072,1.3629475827028317,492.6311370666484
7.482213907763883,1.3525508241892523,486.1696724874466
7.493335304248632,1.1547466122047372,500.94350901355915
7.52707740267622,1.4370494722741742,487.049027807928
7.0481829333192625,1.2910888568480723,477.69445127556355
8.113085377475413,1.8804659276410105,494.25618126701005
6.764059521895599,1.51761423772799,471.59459564774477
8.381847313344789,2.534054401950697,472.6011571845942
7.927822995930766,2.680029828845489,461.72342855708683
7.688665144543287,1.5400070714813683,488.7518953270153
7.810622955478874,1.1170520139252704,520.8858455572105
6.912880649282381,1.7317938458342343,453.3068433297061
7.813223562119452,1.515285104387503,493.0271817360443
6.904904022828573,1.2779958189333258,475.59370319946527
7.212674407869592,1.4859392054633958,481.3088156388726
7.730564995325322,1.8651117317563586,487.6837118351164
7.174105073817098,1.1789850433529894,481.79444273186795
7.0540956146527725,1.1875767397108967,478.85387610230975
7.67344939561715,1.9699910664549178,486.220117957335
7.439766360282099,2.0841941494899814,459.70167287979194
7.358145740729945,1.3071796664917041,484.98922170505347
7.416988143824456,1.3778600107977639,486.0252445617359
7.073292786843984,1.2897443743152255,478.835955860468
7.65248165562189,1.6834312149001378,487.1723838400105
7.795554404081485,1.9024131215045401,488.52908669644233
7.2550771373210035,1.7378884276432527,480.7778335127241
7.311405432507963,1.7217088350644842,479.49257890842284
7.561943654459646,1.496636154632526,487.39806454048573
7.247595367302886,1.4712903059294968,480.08329937325004
7.716081365561722,1.9929116353274787,486.0625255180388
7.484729414499424,1.8391691567528183,482.9868168694283
7.622660937445535,1.7939806254220607,487.5580912182479
7.276450362440959,1.534802850484956,480.72161364740253
7.277583340254191,1.2068536048833296,483.6448974682426
7.619167768022375,1.86256866423033,485.73035546245654
7.754460602839324,1.850586580925776,488.9207742647588
8.017561494737063,2.1494680573106897,469.88545533389606
7.168359679975221,1.373484955730222,480.02411500137316
7.03323145125385,1.04553236014032,493.32209494380515
7.460199061586768,1.7120825271539915,483.82237015884687
7.923679524995899,2.1047962217025105,488.7347492954873
7.645508491882626,1.1748505566265919,502.6471920763668
7.253835883763444,1.6325979744861694,479.2495732916292
7.401487407581501,1.6490951419651634,483.46818460779207
7.389761815384232,1.3322114463147798,484.26939786203184
7.234361479657186,1.4853938050821045,481.0828789133243
7.509639127074757,2.296318295023905,458.3417192717269
6.723636563415023,1.2292139892255813,473.58638760016703
7.544208114658338,1.9403084964525799,484.5436026586555
7.494429416866539,1.2079727371039948,494.8694469655202
7.038846233920045,1.787340464211643,454.83251701826697
7.3091428590764265,1.9954089969872157,457.72529047538615
7.263042587950159,1.2943993440735124,482.80467731025664
7.496175760845775,1.5407681895580152,485.37021669524773
7.896488698816531,1.9730445697894687,489.77914702000186
7.8221926394308765,2.5338930164214553,461.15465242453
6.952738726541648,1.109645566183931,477.4022512126502
7.180624649919969,1.0950543254017389,487.38718362626804
7.559178184962552,1.6940894022100852,485.6454682817483
7.520618356163179,1.5092288790018062,485.6658216548365
7.390415318112301,1.500701578638535,483.3145031853431
7.656543766591818,1.6815194632440904,488.13966656611154
6.690157260711851,1.1790978068534848,471.1622846923612
7.490989837844298,1.5478143075484907,484.9534040284299
7.320838366989368,1.868601801027277,479.5473183987605
7.134135907321964,1.1231572186950658,488.10338158315886
7.045650698958345,1.6110956679340458,475.3726860443334
7.536256396672905,1.4230813640685505,487.63957893079913
7.573090738609367,1.4444292762503221,489.41577453618294
7.538956398384802,1.170276152679866,502.341530927155
7.538956398384802,1.170276152679866,501.3518871217045
7.1628381407223385,1.5886957100220762,479.37609967550094
6.995081470213911,1.2480527378120347,477.39145016076384
7.213701811731057,1.488298753380364,480.37393055043316
7.55857778902435,1.8386336315369365,483.4076415220764
6.954850334218157,1.5271161472775892,475.28441807369734
7.561187655331393,1.6906684215005288,486.30150223221693
7.051176269580243,1.3787474640065867,477.4884793556283
6.975335862647584,1.1546855690021032,476.80353589195255
7.804563093879542,1.8654974678390217,488.9024800218339
7.142504330434147,1.7683384492559644,476.162082063347
7.7173002415679175,1.6778199909174454,487.9708310788403
6.891939917504601,1.4746776021191994,473.40864862012467
7.540059349465957,1.7444571357334533,484.539641269943
7.747825660030715,1.9965468156066166,487.94219978190415
7.3848990675688,1.4727630456759873,483.56867339888544
7.281861468920213,1.513490940313029,480.56720919379234
7.505968379601158,1.5318835025308883,486.55806834100895
7.375251779270287,1.35634635719477,485.70042638514536
7.768006139547498,2.021129952902646,486.4808518200102
7.254118810171794,1.404276118078495,481.2947261288256
7.377076753107945,1.5013073592477457,484.6927889058543
7.635093440033039,1.4449813245267926,489.2822682490656
7.635093440033039,1.4449813245267926,489.6327063827534
7.027003277299689,1.3136257703000938,476.350462948982
7.583731010631905,1.772224240210863,484.84715547997905
8.683603346508233,3.1165962362655355,470.1183948815217
9.399519292167744,3.468809594273034,477.2506449833939
8.96626524354482,3.233748568168115,473.3712197175849
8.599543326860598,2.3318958294432854,500.1697747819795
8.256612970489426,2.1166767045573316,495.32551054407725
10.105830866875248,3.781243325057093,484.9113743445336
10.136304259779156,3.4009763490564704,491.34751489552724
9.566209213777027,3.7060347914161302,477.8223368955982
8.130936257757448,2.100810646502069,492.5434580498205
7.733624576919349,2.0104761295468183,486.6658780693369
10.710015318190624,4.927956329753869,482.4674720101774
11.516878533288283,4.713387257451415,494.9520468816198
9.116164331614934,4.197884063287163,462.21598016175125
8.840147213039142,2.2888985556049484,503.1047516096651
9.230600703288882,2.716130194146903,484.3903788521286
6.985045806903284,1.4519918070192845,476.05787064479705
7.2092087748012,1.4235897745993464,479.74214122009323
7.233346780733036,1.0734476800115518,496.8727843670414
7.592269508006178,2.1411037077368023,462.21241636629577
7.478696676941366,1.5539309409551194,484.6676745173023
7.166486434280299,1.2246519040877637,482.1039217097311
7.563050508685261,1.3513080724127957,488.358844130801
7.804031569593164,1.566340643540594,490.38858862004736
7.333889140948803,1.5064944860845044,482.1124832877611
7.317524747869783,1.5388284332661761,482.22464065244304
7.399861350071385,1.6216094642675976,484.23390701390787
7.176989242036436,1.2771305895130234,481.23749393989453
7.3791907958361005,1.5063332679912196,483.15676070986734
7.618400995035874,1.4420412294956957,488.6316111149607
7.155674893487699,1.5469521487912503,479.12081315293295
7.264942110098744,1.1872684934178657,484.3624242798268
7.724092669868314,1.7385632861016302,489.1525570042462
7.04824549420628,1.4039871237297263,478.25597733516344
7.690869594472969,1.772585456621575,487.07926836845036
7.460956085821019,2.060757696258902,459.95455647082076
7.2734523735401595,1.0102980581938534,495.4630791858311
7.2734523735401595,1.0102980581938534,495.2260675531345
6.678735693247998,2.691896007220408,434.38181244422367
7.927912500167368,1.6805462795581174,492.6231220095593
6.940336395606219,1.6629039258623626,472.92656752342344
7.165678893203891,1.2374341830787141,480.5594804210683
6.993207115602963,1.4388574426903944,475.69931620917856
8.470302068145282,2.878446817921799,470.03427808470565
7.364679830867566,2.39194489204963,452.807738665773
6.762920766465612,1.6722387449614862,451.114049996306
10.542133904430946,4.162628779636709,487.4567159272648
7.4343555674348485,2.8119307436416228,450.52013693090794
7.876963317314936,3.4012911855022483,449.4410124515716
7.887995232034918,3.5109288828468794,448.8224142724471
9.126048179429633,2.9293326260654022,480.3552766560446
8.556337393493681,2.2759149487104753,499.43073822039923
8.26165385285373,2.2140875971061,493.97977377277084
7.790680559099907,1.1657910126005038,507.217179662563
7.170700831546759,0.964676277351364,508.7653636569702
7.407503556935092,1.4706218697126647,485.5698521306482
7.396435454176401,1.7006260516519653,481.95374468005
7.112595616885318,1.3093889976916926,479.3327646399506
7.112595616885318,1.3093889976916926,478.89658714668707
7.623849641590161,1.5576073391285234,488.0244976265833
7.779922938935037,1.326266884988272,499.1992252446948
7.099866942055478,1.3195797278613348,478.66075943564533
7.310665723082706,1.5577621216536564,482.15570942197064
7.754077059431097,1.2551899381170875,498.6122684726173
7.295335167146419,1.720218511741744,480.6627807973356
7.677306865055892,1.591672537900037,488.37849702892015
7.823149711640554,1.9551818815511772,489.4475923855494
7.194940547586617,1.5671270560694832,479.2897892525676
7.166946314183512,1.5531335221847467,479.12775600481336
7.6888137384012305,1.3148310745002534,491.33795434586153
6.696410326396902,2.0136323367715385,443.6679369346026
8.993562754050915,3.3750588863959385,472.10483235925693
7.260816467399526,1.4169095837310348,481.78581920238474
7.894758222307358,2.257311887143323,465.60781974631607
7.8945230466297165,2.214988070698359,467.2522113294437
7.6697674767405415,1.9777133047611544,486.99785812250946
7.004758163074122,1.8752112090536766,452.37583490919366
7.371901517101439,1.246985520223299,485.36432604203037
7.197607651215855,1.1997214537618108,482.5680093068459
7.503874862777826,1.8524537417882885,483.075736678037
7.7763313823752,1.3972890609588566,492.40479310001683
7.7763313823752,1.3972890609588566,491.90366262892366
7.341851512968003,1.6097314049869944,482.2454542394998
7.190091755157579,1.270246225208545,481.8440682945096
7.035974198147547,1.6552217371239226,475.9659471297053
8.276262991540511,2.0744506511223113,495.2074878101949
7.465953230453559,2.038298165081366,460.4548462678114
7.3444036144812275,1.0721764041112625,497.6922458731388
7.480291969038109,2.091253986395938,458.8834591402591
7.58246209581479,1.3316380173828766,489.6576540794416
7.962443038245658,1.8079003425834899,494.3820965024893
7.623220746612809,2.1641204800938882,462.284940626153
7.082697544815782,1.050290627335179,492.70043659260216
7.55215721539876,1.211959898301006,495.5953163051196
7.295646786391251,1.0372735454579294,497.6107986711374
6.563905112284583,1.1464859598437822,468.10979811867213
8.837004672829439,3.9635908943509897,461.8878614363153
9.533694458043959,3.289431950772529,482.0268152156316
8.330173885504857,2.639232967488885,471.1007064324739
8.512438693581478,2.215529738931229,500.0152932958651
6.617880787464186,1.5904602243439783,467.36686139773377
7.739517601947537,1.766755336133101,489.0417589579291
7.1931921542816495,1.3298129348940628,482.06032550023264
7.2672247976503845,1.4052870403664757,481.5084674192984
7.5493765805769755,1.483589799315568,486.8704906327043
7.466201085324856,1.1478535234422858,500.5401120824786
7.9253933252091056,1.2170749631112463,507.62314665370576
9.131100381031223,2.8566463069958696,482.1583991578457
7.671552195713731,1.118209873344875,504.0922258146432
7.5662688788021,2.0608699702537847,461.44857451116366
7.747078257132423,1.7289488363154273,488.6973186703402
7.747575238959553,1.4344351101267352,491.76623623932136
7.380328192346721,1.5057157863102422,483.9822463233143
7.186277311546786,1.4425946889795094,479.16217307359614
6.8910136089050935,1.4865906165966603,473.94093247381346
7.7207933544668235,1.4445646349135874,490.55685277631363
7.67989474302255,1.7550608772683525,487.63072612441607
7.408129970939009,1.3168316171747734,487.12372335539504
7.252159455267988,1.5319164846378062,481.87182738157367
7.243169406355333,1.118089351885091,488.5094936274812
7.879437236664391,1.9902197298901558,488.3931561214861
7.446096527893197,1.2502765051709708,487.8072368079651
7.295282546180981,1.036968610441679,496.7232310993754
7.4336598331755654,1.0795372096455513,498.73469872344054
7.009632357094384,1.319923420916657,476.9740900635258
7.203505552638034,1.769501283478285,477.8289775559017
7.310276298039644,1.4499728787796333,483.27703269055183
7.545758452216093,1.4778686492004793,487.0380255351686
7.387230810817556,0.9098737611198343,518.2789401793914
7.514432684471248,2.0301870201955152,462.46566950264815
8.64670840340391,3.0534021812832393,469.99418522302665
8.641001707146799,2.9479271168631125,471.59214876404116
8.53505914210798,2.489980553047767,475.7380250188115
7.272448231217469,1.4456458580902836,482.00269822278466
7.566639668320312,1.0846994896739366,502.79198318789895
7.479757094562254,1.3053486862094072,486.84744880864
7.4201335814102665,1.939550477488338,461.0185929081896
7.2290834879059265,1.2717982963952215,481.72420154428926
7.576988427321522,1.7577980147176884,485.5540427797037
7.141949079344385,1.1975449447301412,481.3613976793348
7.544778460879334,1.8406859804773694,483.6064365650549
7.264068252103854,1.2040826746329985,484.68892617819876
7.40502703206549,1.9405203889867764,460.70541704704635
7.624302723427303,2.244602170657143,460.2351612208458
8.313275590077092,2.3159100348343213,474.01089436003735
7.353053755178301,1.8469700176132329,480.8251664674861
7.6353011688591295,1.4839522390782423,489.4270901706565
7.604978877730076,1.2394208929692407,495.7694948978017
7.743826182203155,1.8880378928098795,486.97127237120793
9.665462976917713,3.550267858422406,481.39573797717685
9.185848280852962,3.496446070316229,473.5050042364993
9.152178361023141,3.497551413569137,471.9314672950617
9.431434752703849,3.281405898285656,481.2264281421097
9.262805699359419,3.509441984685299,475.4894786850995
9.409984249041761,3.2865573820063623,480.1268419987257
8.846428693613872,3.2480402622092903,472.8159807397429
7.151434898715631,1.4685782535906413,479.26472603469415
7.535198551925029,1.4987909883485901,487.3038172708344
7.177976133442335,1.4271436666833546,480.58366494679973
7.618130605067698,1.392144420055007,489.5126008970283
6.870450467299852,1.2339959889654615,473.1560288304162
6.741156771218214,2.303764128096031,441.5090013291398
6.600468066215421,2.440363971693734,436.25229090944424
8.753006265154475,1.7819016484553427,506.9320879088679
7.6198667382257534,1.5102561296325068,488.49273753594315
7.176563636447601,1.6864375875974733,478.7329951838493
7.101682918587646,1.2391288057434942,479.0729554250727
8.07797221004362,1.966716203106857,493.2803867079245
7.75971531779944,1.7973808666011506,487.8397330860842
7.265441514429988,2.076424753080653,456.52605775470283
7.55609082281484,1.3897810049477815,488.9871702589454
7.617060872326786,1.5146484069126125,488.51914617738777
6.926715868837014,1.4769897684774536,473.4367399973927
7.7617958380802845,1.6358259271682236,488.9035252186216
7.632655064312844,1.362987079501395,488.78163454452334
7.122025043850748,1.3070182047571188,479.02238195088574
7.122025043850748,1.3070182047571188,479.53438972121785
7.579317327725245,1.8372290021521553,483.7456688193993
7.779704694670997,2.02574166755338,487.0591752029548
7.925453673970032,2.21985741404201,467.985761773723
7.430075715798361,2.2320293103313342,456.935859623111
6.850072341485377,1.9302570062258988,449.3092432906181
8.847673893768011,2.384333669974093,504.5095180290034
8.026664691645486,2.4358996380575637,467.02209732837673
9.173109661921746,2.943542251042081,481.3513141117518
7.5281768034806404,1.3946973688880988,487.6252553701427
7.298006413789321,1.9005120043381072,459.68719615678765
6.639118467325654,1.4959012626067942,470.0868169672204
8.619742102730484,2.2688752896120783,501.089726476228
8.384533907706022,2.2969124866997377,476.32277920033243
7.769137407970154,2.0108031068762053,488.1187571076177
7.518087402561138,1.7456599573748128,484.4775635862448
7.587409701371848,1.7403168583732989,486.47431116439884
7.3839187251564065,1.7365689731938783,482.8332229211309
7.480938025338083,1.8883512384434475,482.3690266765423
7.644404742395432,1.5474685515548205,489.03933061760995
7.054391157207261,1.4844569963626542,477.0620350002108
7.278093799249625,1.2151612708878736,483.203568413058
7.550838478111975,1.5235994948955047,485.745431362094
7.550838478111975,1.5235994948955047,486.20744283638925
8.158762898152455,2.6587152058206702,465.46514182291077
7.113910549519344,1.3787391356932364,478.44166946396007
6.991571729840174,2.3517396500716736,446.61519772367654
6.817538047146807,2.1677164329809036,443.4941304902941
8.460757675345498,3.3540393971561024,462.2193637266488
8.408290318264944,2.4466832127685962,474.1086754077265
8.017147315152206,1.4100338879496503,497.5643616580257
7.609637895841447,1.4516303752467674,487.61390069531564
7.888041378123334,2.0820094255900243,488.3126311861267
6.953535691143947,1.224213623186816,477.0675488700398
6.931128734888508,1.2350017379886633,475.67887873268853
7.826697375035822,1.7928318964205399,489.6602883038637
7.257133701321252,1.466041846471898,481.0346810627688
7.254604633409542,1.3280514172388378,482.54608781059665
7.289581720148388,1.4970647306661888,481.2176216251994
6.923405073589886,1.4268861117699705,475.6401337227997
8.401320874478253,2.0279463889778526,498.4246810371034
7.436943642161533,1.4649934073120754,485.07468282462406
7.436943642161533,1.4649934073120754,485.1513803647211
7.12217091267531,1.656388641532787,479.10713048026423
7.447072901507785,1.9885349440353994,461.260210482199
9.349624352761364,3.053315741009982,482.5579653861393
8.27159033248595,3.1302308355177124,462.1581610421194
7.189270217314672,1.3819662106640795,480.26085357142153
7.840425891307889,1.5117340782216657,492.15246754387084
7.175081672470972,1.5602391615771884,479.2408623315879
8.088616941872091,2.917631667666286,461.10724699877653
9.694801634131428,3.4885478645932326,483.5737862455091
9.293425826169422,3.063890042075412,480.8336962656239
9.558804854258526,3.940799496549584,475.6389481441689
8.576741325075526,2.4745838810719967,476.29582083087973
8.936763025102993,3.3047750545295433,471.81433678990857
8.248815199316295,1.9181007886959627,496.32729294045794
8.591412734239698,2.1374084425623283,501.7257246810579
8.25090526274162,2.3748648156654286,472.58112988401075
7.572307517367876,1.3119522135262796,489.50348125458163
7.651627416744136,1.7863375927148113,485.97859316177113
7.074534762174802,1.286369473384357,478.4511234203883
7.435240739158081,1.0300789227990672,515.4808863930882
7.435240739158081,1.0300789227990672,514.3183324746764
8.636888353773177,2.971353164403434,470.68112806851167
6.961818300256286,1.1081018817024066,476.9964806987512
7.053872263181505,1.1736424021145546,478.26562517501173
7.516689504726156,1.3905456189521457,489.37306501614466
7.234225180093373,1.701926317172712,478.35077289531046
7.451814602843597,1.5082696894257677,484.70836222926624
7.864942329723571,1.9221042810033762,489.267096933569
7.151553371913626,2.3840945942074776,447.9292341159568
7.949997409189717,3.357187941946926,451.66871757991834
8.185477261294643,4.4899614624771695,443.338980167458
6.919224487596421,1.4434394354108842,474.0918197769408
7.044243088344133,1.3068516676506314,477.34860047820393
7.1177924256769005,1.2950140834170871,479.75755757296844
7.106996828883696,1.3698210991440436,479.9411898562021
7.526193916335672,1.7778975429836354,483.79095494080985
7.264637639505468,1.7437410770484583,479.1252435291528
7.732099845929043,2.0971176965726346,464.53972929243395
7.907397469016047,1.9132071374231088,491.72483855503464
6.829942361123976,1.3530443733426605,472.4418800855858
8.583795181685012,2.234241203236954,501.22964205780556
6.633998660188864,1.313221507363141,470.20084225924205
6.864784148630364,1.6829071607970254,470.89502782125805
7.880140374537933,1.6614260114038204,492.9869583580358
8.059988967431446,2.0405361830771476,493.4462887522916
7.588921163544191,1.2091545594692605,496.0739351080603
7.1169850475168825,1.4334799231851427,479.08008818551394
7.132291629127816,1.5928187720360385,478.49286415426104
8.465768371051375,2.3846122697629717,474.8209809392944
8.03449402203938,2.117730549101006,491.93458367683854
7.918975522724118,1.9575063511191704,489.88454317723875
7.350023571087246,1.283588004636497,485.02658886249316
7.318483110933708,1.205195026731152,484.4283744881293
7.443535539580012,1.9764160675748033,461.5022134221681
7.300920562562017,1.27587684410628,483.23946946238806
7.472259231594423,1.6057235753165808,484.4289150869318
7.250871235543939,1.302742200768986,481.75353898637803
7.515270618284622,0.9556110033774446,522.5003019192244
7.364433426057285,1.72712323116803,480.36506368346227
7.42704197379476,1.6145149492421276,483.7377044381824
7.4106196439679035,1.3627802490395176,483.88123466916363
7.4179990700484675,2.183409720429899,457.0628474125386
7.450073764723596,1.3316278137836484,485.50320255865546
